[
    {
        "image": "https://raw.githubusercontent.com/cccIxv/kyrsova/main/img/price-card-img.png",
        "title": "Страхування",
        "price": "$ 50.00",
        "unit": "/ Подорож",
        "description": "Покриття втрати багажу або скасування поїздки.",
        "features": ["Скасування поїздки", "Втрата багажу", "Гнучкі дати"]
    },
    {
        "image": "https://raw.githubusercontent.com/cccIxv/kyrsova/main/img/price-card-img2.png",
        "title": "Медичне страхування",
        "price": "$ 65.00",
        "unit": "/ Подорож",
        "description": "Коли ви хворієте за кордоном, витрати можуть бути дуже високими.",
        "features": ["Лікар доступний", "Витрати", "Лікарняні витрати"]
    },
    {
        "image": "https://raw.githubusercontent.com/cccIxv/kyrsova/main/img/price-card-img3.png",
        "title": "Повне покриття",
        "price": "$ 70.00",
        "unit": "/ Подорож",
        "description": "Безтурботні подорожі з глобальним покриттям медичних витрат.",
        "features": ["Витрати", "Втрата багажу", "Скасування"]
    }
]